,Year,DistrictNew,Code,LocationNew,Robbery,Street_robbery,Injury,Agg_assault,Threat,Theft,Car,From_car,Bike,Burglary,Fire,Arson,Damage,Graffiti,Drugs,Local
0,2013,SteglitzZehlendorf,60408,ZehlendorfNord,27,11,219,44,118,2207,88,684,226,292,17,2,404,139,46,610
1,2019,Lichtenberg,110103,NeuHohenschnhausenSd,20,15,327,79,90,855,64,148,91,22,21,5,257,18,26,706
2,2019,CharlottenburgWilmersdorf,40304,SchloCharlottenburg,26,9,238,42,124,903,16,97,174,32,11,5,271,77,54,579
3,2015,Reinickendorf,122141,West1TegelSdFlughafensee,9,3,195,41,103,793,26,156,33,47,8,3,120,13,206,426
4,2013,CharlottenburgWilmersdorf,40309,Kurfrstendamm,112,46,919,287,183,4299,60,369,172,106,6,1,342,75,197,1517
5,2016,Mitte,10112,Regierungsviertel,94,66,483,86,124,5797,15,242,310,54,10,3,350,111,70,904
6,2015,Lichtenberg,110513,Karlshorst,6,2,110,21,44,856,49,144,226,60,15,6,148,25,22,278
7,2018,FriedrichshainKreuzberg,20405,KarlMarxAlleeNord,17,7,197,45,77,1174,40,184,244,46,5,3,256,51,40,500
8,2013,TreptowKpenick,90103,Baumschulenweg,21,12,95,20,59,684,35,211,100,47,8,3,167,46,24,308
9,2014,Lichtenberg,110101,MalchowWartenbergundFalkenberg,1,1,15,0,11,217,4,36,9,16,5,1,43,6,4,44
10,2014,MarzahnHellersdorf,100408,Kaulsdorf,5,1,67,10,35,540,15,169,94,75,8,4,152,16,5,205
11,2014,TreptowKpenick,90312,SchmckwitzKarolinenhofRauchfangswerder,1,1,19,2,6,176,3,53,6,13,1,0,23,0,2,42
12,2013,SteglitzZehlendorf,60306,Drakestr,30,7,198,33,108,1936,85,497,222,166,17,8,289,33,49,635
13,2015,Neuklln,80104,Rixdorf,77,45,480,140,182,2558,51,344,453,199,27,13,518,79,183,1477
14,2014,TreptowKpenick,90104,Johannisthal,15,9,84,17,47,581,31,105,81,37,10,2,149,13,12,253
15,2014,MarzahnHellersdorf,100307,Biesdorf,8,5,162,23,66,1112,40,272,177,62,8,2,166,19,32,341
16,2012,FriedrichshainKreuzberg,20506,FrankfurterAlleeNord,34,16,265,83,80,1528,55,117,286,59,48,15,534,84,50,824
17,2016,TreptowKpenick,90413,KpenickSd,2,1,104,17,22,385,34,81,89,13,16,8,88,15,5,187
18,2016,FriedrichshainKreuzberg,20506,FrankfurterAlleeNord,30,12,308,84,97,2150,34,195,508,63,54,15,618,128,143,1054
19,2013,Pankow,30716,PrenzlauerBergSd,17,9,154,33,76,1633,131,256,394,87,17,6,327,70,47,686
20,2019,Lichtenberg,110512,RummelsburgerBucht,4,3,58,14,20,332,11,55,99,12,9,6,80,28,11,147
21,2012,Lichtenberg,110512,RummelsburgerBucht,4,0,18,6,7,227,4,69,48,7,16,6,67,20,2,60
22,2012,FriedrichshainKreuzberg,20508,FrankfurterAlleeSdFK,140,80,865,276,159,3588,62,291,616,166,67,22,1171,272,256,2086
23,2015,Neuklln,80105,KllnischeHeide,32,17,244,57,97,1214,49,317,58,42,19,10,410,51,55,630
24,2016,SteglitzZehlendorf,60408,ZehlendorfNord,20,14,182,45,84,2408,107,647,463,298,15,4,504,201,42,546
25,2016,Spandau,50103,SpandauMitte,78,53,697,179,236,2606,39,279,271,75,16,5,451,57,179,1374
26,2015,SteglitzZehlendorf,60102,Albrechtstr,32,21,231,47,125,1406,95,300,229,133,8,7,361,61,46,788
27,2015,Mitte,19900,BezirkMinichtzuzuordnen,82,63,189,62,62,1969,36,382,186,2,15,8,149,47,94,431
28,2016,Reinickendorf,123022,MV2Rollbergsiedlung,13,7,83,24,52,421,14,69,17,35,7,1,245,151,31,231
29,2019,Pankow,39900,BezirkPknichtzuzuordnen,1,1,11,3,1,53,1,8,10,0,1,0,8,2,13,18
30,2017,Mitte,10111,TiergartenSd,62,39,521,145,127,2603,30,325,347,50,9,2,260,42,179,1143
31,2015,Mitte,10442,WeddingZentrum,148,90,1027,308,354,3857,48,505,436,203,34,14,643,127,581,2107
32,2013,FriedrichshainKreuzberg,20101,SdlicheFriedrichstadt,125,76,693,185,243,3394,57,700,345,186,45,15,639,84,265,1703
33,2019,SteglitzZehlendorf,60306,Drakestr,20,10,269,50,133,1475,52,289,288,94,19,7,316,35,44,676
34,2014,Mitte,10442,WeddingZentrum,131,68,1052,283,351,3802,61,487,426,257,35,17,692,160,511,2342
35,2016,Neuklln,80206,Britz,55,31,471,115,191,2431,112,566,166,218,47,24,482,64,71,1285
36,2015,Lichtenberg,110307,AltLichtenberg,39,21,365,97,106,2157,72,326,267,96,25,13,383,114,38,846
37,2012,MarzahnHellersdorf,109900,BezirkMzHdnichtzuzuordnen,10,3,90,21,16,217,3,10,11,0,1,0,118,90,5,125
38,2015,CharlottenburgWilmersdorf,40202,Heerstrasse,12,7,150,39,39,861,38,249,76,110,7,1,146,39,33,311
39,2018,Pankow,30611,PrenzlauerBergNordwest,47,24,293,109,77,1468,39,109,365,39,12,4,292,113,175,648
40,2018,CharlottenburgWilmersdorf,40617,ForstGrunewald,7,4,22,3,6,32,1,7,1,0,5,5,9,2,0,36
41,2018,TreptowKpenick,90518,RahnsdorfHessenwinkel,2,0,30,6,15,261,6,52,95,24,4,3,50,9,10,62
42,2017,Mitte,10113,Alexanderplatz,143,90,1763,478,317,10596,87,705,929,148,45,16,1162,351,804,3227
43,2018,Lichtenberg,110101,MalchowWartenbergundFalkenberg,3,2,34,6,10,105,4,7,13,27,6,2,33,5,2,63
44,2016,CharlottenburgWilmersdorf,40202,Heerstrasse,9,5,146,39,32,616,26,125,68,79,6,3,136,42,23,285
45,2018,MarzahnHellersdorf,100205,HellersdorfOst,14,9,277,44,87,493,35,71,67,8,19,6,231,40,50,510
46,2016,TreptowKpenick,99900,BezirkTpKpnichtzuzuordnen,10,9,85,19,35,552,27,124,124,0,10,5,88,18,23,169
47,2012,SteglitzZehlendorf,60102,Albrechtstr,57,20,258,29,161,1581,88,347,202,136,14,8,439,111,44,832
48,2019,Spandau,50103,SpandauMitte,65,31,671,160,251,1940,47,247,167,35,28,16,529,48,266,1328
49,2016,TreptowKpenick,90519,Dammvorstadt,8,5,128,33,36,724,11,32,161,14,7,2,162,54,41,307
50,2019,CharlottenburgWilmersdorf,40516,VolksparkWilmersdorf,26,16,229,47,91,2011,39,338,417,114,19,4,308,53,96,918
51,2019,MarzahnHellersdorf,100409,Mahlsdorf,3,3,85,17,40,487,38,88,78,85,9,4,191,56,30,197
52,2013,TempelhofSchneberg,70606,Marienfelde,23,12,243,56,109,1310,35,238,78,68,22,3,225,23,50,629
53,2018,Pankow,30304,Karow,4,2,84,20,29,418,3,102,126,34,1,0,107,18,13,200
54,2016,Reinickendorf,129900,BezirkRdnichtzuzuordnen,14,10,116,29,49,1193,17,208,77,1,1,0,65,11,21,230
55,2013,Pankow,30613,Helmholtzplatz,14,4,148,38,44,1280,57,91,279,90,10,2,238,65,20,590
56,2018,CharlottenburgWilmersdorf,40309,Kurfrstendamm,62,31,760,218,154,4351,35,227,264,46,15,5,387,82,173,1618
57,2013,Reinickendorf,123022,MV2Rollbergsiedlung,14,9,85,21,39,487,6,82,26,36,6,4,116,15,14,223
58,2012,TreptowKpenick,90414,AllendeViertel,2,0,37,6,26,194,12,31,36,3,1,0,66,15,2,100
59,2014,TempelhofSchneberg,79900,BezirkThSbnichtzuzuordnen,44,35,27,0,36,640,19,167,102,0,7,1,39,0,39,155
60,2014,TempelhofSchneberg,70101,SchnebergNord,170,105,725,210,278,4601,67,492,527,261,42,12,571,106,315,1865
61,2015,MarzahnHellersdorf,109900,BezirkMzHdnichtzuzuordnen,18,12,87,35,23,207,18,54,24,1,5,2,111,20,6,181
62,2016,FriedrichshainKreuzberg,20303,nrdlicheLuisenstadt,125,78,559,234,104,3295,24,274,359,63,25,7,528,162,608,1024
63,2016,CharlottenburgWilmersdorf,40515,Barstrae,9,5,136,28,47,805,26,142,195,29,8,1,97,16,27,295
64,2015,Pankow,30612,PrenzlauerBergNord,24,8,191,40,54,2619,86,207,541,56,9,4,246,79,30,1200
65,2015,TreptowKpenick,90519,Dammvorstadt,16,9,185,48,40,773,6,51,127,15,5,3,156,29,80,388
66,2012,Pankow,30307,BlankenburgHeinersdorfMrchenland,7,1,74,9,21,898,14,160,149,55,12,4,154,9,16,161
67,2012,Spandau,50204,BrunsbttelerDamm,14,5,172,41,61,772,27,109,64,47,22,3,221,21,11,395
68,2012,Spandau,50308,Siemensstadt,29,7,168,36,63,739,30,111,84,39,8,4,167,30,25,405
69,2013,SteglitzZehlendorf,60407,ZehlendorfSdwest,21,11,161,28,77,1289,49,441,149,155,9,2,215,22,33,422
70,2015,Pankow,30304,Karow,7,4,59,13,36,428,17,112,92,38,5,1,92,16,4,142
71,2019,CharlottenburgWilmersdorf,40413,WiesbadenerStrae,7,6,82,16,30,763,38,99,191,39,7,1,138,18,20,308
72,2016,TempelhofSchneberg,70202,SchnebergSd,43,28,535,105,166,3348,79,360,769,127,27,14,484,84,178,1300
73,2018,Reinickendorf,129900,BezirkRdnichtzuzuordnen,12,10,100,21,38,736,12,136,52,1,5,2,63,2,33,213
74,2018,TreptowKpenick,90415,AltstadtKietz,2,1,120,29,30,211,7,24,59,1,3,1,98,18,21,207
75,2019,MarzahnHellersdorf,100102,MarzahnMitte,56,41,712,171,190,1719,146,325,66,22,49,17,506,65,130,1271
76,2013,TreptowKpenick,90520,KpenickNord,4,2,38,14,31,281,20,78,59,27,8,3,73,9,1,129
77,2016,FriedrichshainKreuzberg,29900,BezirkFhKbnichtzuzuordnen,81,64,130,55,46,1476,20,197,191,1,5,4,128,24,164,337
78,2016,Pankow,30715,PrenzlauerBergSdwest,25,9,327,93,89,2569,66,233,535,114,15,5,372,158,28,993
79,2017,TreptowKpenick,90206,Niederschneweide,17,8,192,38,49,1083,55,99,153,14,9,3,251,140,44,351
80,2016,Reinickendorf,122144,West4AugusteViktoriaAllee,30,15,320,85,136,1610,36,262,93,51,19,9,306,75,79,784
81,2015,Spandau,50204,BrunsbttelerDamm,15,5,159,28,76,826,37,128,67,65,15,5,180,11,10,434
82,2017,Reinickendorf,122144,West4AugusteViktoriaAllee,30,10,429,104,173,1268,22,206,77,46,21,10,246,28,104,887
83,2018,SteglitzZehlendorf,60102,Albrechtstr,24,10,250,51,132,1440,54,299,300,90,16,5,331,89,69,776
84,2013,TreptowKpenick,90207,Adlershof,20,13,118,34,57,960,32,152,204,18,10,3,158,28,13,291
85,2019,FriedrichshainKreuzberg,20407,KarlMarxAlleeSd,98,74,787,281,160,3618,36,215,334,33,20,9,480,120,770,1573
86,2013,Spandau,50206,Wilhelmstadt,43,21,478,111,217,2470,45,238,188,92,21,8,480,39,120,1248
87,2013,TreptowKpenick,99900,BezirkTpKpnichtzuzuordnen,3,1,80,25,17,275,5,29,5,1,2,2,278,221,11,106
88,2017,SteglitzZehlendorf,69900,BezirkStZdnichtzuzuordnen,4,3,53,10,35,404,9,90,92,0,19,15,66,9,22,127
89,2018,TreptowKpenick,90310,Bohnsdorf,7,4,119,16,32,437,32,60,51,36,9,3,88,13,7,207
90,2013,CharlottenburgWilmersdorf,40305,Mierendorffplatz,40,22,146,32,70,846,21,201,103,57,11,3,130,13,96,466
91,2017,MarzahnHellersdorf,100102,MarzahnMitte,39,26,696,124,195,2351,174,445,155,53,35,9,519,81,79,1574
92,2013,Neuklln,80409,BuckowNord,11,3,88,19,38,461,12,115,25,28,13,1,91,5,5,216
93,2016,CharlottenburgWilmersdorf,49900,BezirkChWinichtzuzuordnen,34,30,112,32,71,1178,53,256,88,0,6,3,116,11,32,294
94,2017,Lichtenberg,110103,NeuHohenschnhausenSd,23,15,295,69,63,979,62,160,122,25,11,4,195,42,45,599
95,2012,Reinickendorf,121032,Ost2AltReinickendorf,50,18,290,63,128,1525,37,301,215,79,22,10,324,53,149,721
96,2012,Mitte,10111,TiergartenSd,70,46,586,194,118,2263,18,328,120,68,16,4,273,26,171,1032
97,2013,Spandau,50307,Haselhorst,20,8,156,40,64,1099,30,180,59,53,11,3,238,22,25,551
98,2016,Spandau,50307,Haselhorst,21,9,174,34,63,900,37,154,68,29,18,8,123,16,30,377
99,2016,SteglitzZehlendorf,60306,Drakestr,14,8,239,49,97,1944,92,413,304,204,8,3,286,56,41,584
100,2017,Spandau,50101,Hakenfelde,15,10,190,47,75,782,18,139,102,38,8,5,130,19,35,401
101,2019,FriedrichshainKreuzberg,20304,sdlicheLuisenstadt,182,150,530,251,125,2343,37,219,440,52,44,15,519,104,1310,1316
102,2015,Mitte,10222,MoabitOst,85,45,738,192,204,4928,42,433,452,98,18,6,446,81,341,1418
103,2018,Neuklln,89900,BezirkNknichtzuzuordnen,24,23,81,34,45,632,10,144,38,2,6,2,62,8,56,199
104,2015,SteglitzZehlendorf,60306,Drakestr,18,10,200,28,97,1895,91,410,258,199,11,3,252,42,41,554
105,2018,Neuklln,80102,NeukllnerMitteZentrum,106,56,703,214,182,4453,49,526,376,67,33,16,589,62,332,1537
106,2015,CharlottenburgWilmersdorf,49900,BezirkChWinichtzuzuordnen,40,32,33,14,52,757,51,265,133,0,1,2,45,12,37,161
107,2019,SteglitzZehlendorf,60203,Lankwitz,19,9,354,60,132,1262,51,240,104,117,19,6,333,30,78,839
108,2016,CharlottenburgWilmersdorf,40305,Mierendorffplatz,26,11,136,25,77,866,23,153,84,28,8,4,194,49,38,366
109,2018,Pankow,39900,BezirkPknichtzuzuordnen,20,17,63,17,29,553,30,111,144,0,5,3,77,9,42,156
110,2015,TreptowKpenick,90312,SchmckwitzKarolinenhofRauchfangswerder,0,0,21,5,6,128,4,25,9,38,2,2,30,2,1,46
111,2015,Neuklln,80206,Britz,54,27,429,107,176,2333,71,544,232,138,28,16,391,58,116,1051
112,2019,Neuklln,80105,KllnischeHeide,24,8,221,56,98,1187,48,291,46,41,23,12,208,15,85,600
113,2016,MarzahnHellersdorf,100102,MarzahnMitte,51,27,735,134,176,2113,147,417,160,30,56,12,577,85,78,1483
114,2013,Lichtenberg,119900,BezirkLbnichtzuzuordnen,4,3,64,24,6,209,6,8,7,0,1,0,169,123,6,83
115,2019,TreptowKpenick,90520,KpenickNord,3,3,79,24,30,265,15,53,61,36,13,5,91,19,16,178
116,2014,SteglitzZehlendorf,60408,ZehlendorfNord,21,11,145,27,83,2379,104,573,376,446,25,6,428,143,44,655
117,2015,Reinickendorf,122242,West2HeiligenseeKonradshhe,5,1,88,18,40,545,25,151,80,112,5,2,163,36,23,195
118,2012,CharlottenburgWilmersdorf,40413,WiesbadenerStrae,12,4,64,12,34,642,30,125,129,54,1,1,143,21,9,224
119,2015,Reinickendorf,122311,Nord1FrohnauHermsdorf,27,14,115,21,55,1016,36,325,183,191,5,3,190,27,30,306
120,2015,Lichtenberg,110409,NeuLichtenberg,25,16,263,51,63,1669,62,201,303,63,14,6,371,106,50,683
121,2016,Neuklln,80101,Schillerpromenade,67,38,563,189,151,2423,29,264,262,102,29,15,451,105,333,1424
122,2018,Spandau,50204,BrunsbttelerDamm,12,8,210,49,73,765,46,123,88,42,17,3,177,26,25,411
123,2013,CharlottenburgWilmersdorf,40203,Westend,31,10,192,46,116,2344,64,465,193,110,10,7,226,34,23,587
124,2013,FriedrichshainKreuzberg,20405,KarlMarxAlleeNord,31,18,214,63,66,1361,62,189,184,56,14,2,255,27,27,634
125,2012,Neuklln,80207,Buckow,26,7,206,58,107,634,24,225,45,62,11,3,281,63,14,499
126,2014,Lichtenberg,110103,NeuHohenschnhausenSd,31,22,324,65,78,962,63,106,114,23,9,3,184,27,48,634
127,2019,TreptowKpenick,90519,Dammvorstadt,19,14,206,60,46,756,21,72,154,11,8,3,161,36,65,373
128,2014,Reinickendorf,123021,MV1MrkischesViertel,61,34,551,135,214,1949,47,349,154,67,72,25,418,32,103,1480
129,2017,Pankow,30614,PrenzlauerBergOst,33,21,294,69,94,2063,69,357,302,76,31,14,473,224,53,664
130,2016,Pankow,30406,PankowZentrum,23,14,240,43,96,2104,49,210,522,106,15,7,309,111,36,715
131,2016,Lichtenberg,110307,AltLichtenberg,48,25,494,117,128,2763,92,355,326,95,28,15,399,96,56,1039
132,2015,Mitte,10112,Regierungsviertel,76,34,433,89,126,5399,15,289,371,48,10,4,304,101,48,810
133,2012,TreptowKpenick,90517,Friedrichshagen,9,2,64,11,28,516,16,89,172,28,5,1,144,29,6,173
134,2013,Spandau,50308,Siemensstadt,19,11,158,34,67,775,29,153,83,30,8,4,155,28,12,426
135,2013,Spandau,50102,FalkenhagenerFeld,52,21,445,85,150,1170,35,180,146,89,40,5,351,13,46,1135
136,2015,Pankow,30307,BlankenburgHeinersdorfMrchenland,8,1,96,25,38,783,15,125,127,62,5,3,94,9,6,188
137,2014,FriedrichshainKreuzberg,20508,FrankfurterAlleeSdFK,162,116,880,287,163,5162,71,358,849,143,44,19,1184,218,665,2099
138,2014,Pankow,39900,BezirkPknichtzuzuordnen,37,27,68,22,44,678,47,201,170,0,1,0,36,0,65,211
139,2018,Reinickendorf,122242,West2HeiligenseeKonradshhe,7,3,93,19,39,385,14,104,46,67,4,2,87,10,32,189
140,2019,Mitte,10222,MoabitOst,48,29,652,150,231,3672,27,240,350,96,39,16,555,96,555,1597
141,2017,FriedrichshainKreuzberg,20508,FrankfurterAlleeSdFK,74,47,902,353,186,3733,55,332,597,129,29,6,1017,371,949,2026
142,2018,Mitte,10331,OsloerStrae,77,42,752,205,250,2624,46,288,260,73,29,13,439,92,217,1397
143,2013,TempelhofSchneberg,70404,Tempelhof,88,35,659,155,299,3581,109,791,348,145,48,13,703,123,300,1647
144,2017,Pankow,30203,Buchholz,5,2,49,7,28,372,21,75,44,20,4,0,89,16,9,146
145,2016,Lichtenberg,110205,AltHohenschnhausenSd,26,21,203,40,59,1481,119,445,168,86,14,4,265,46,26,558
146,2013,TreptowKpenick,90519,Dammvorstadt,10,4,139,28,37,807,16,66,163,10,20,12,150,12,51,322
147,2012,CharlottenburgWilmersdorf,40515,Barstrae,19,10,110,33,43,774,23,160,142,44,6,3,151,29,14,302
148,2013,SteglitzZehlendorf,60203,Lankwitz,34,14,311,60,138,1315,61,317,122,137,24,6,364,70,88,784
149,2015,TreptowKpenick,90104,Johannisthal,11,4,96,18,43,596,29,99,73,61,11,7,102,15,19,252
150,2017,FriedrichshainKreuzberg,20303,nrdlicheLuisenstadt,78,54,511,183,114,2632,22,232,294,42,22,2,403,121,683,963
151,2013,Pankow,30101,Buch,12,5,119,20,66,858,21,180,143,29,18,9,210,55,33,308
152,2012,MarzahnHellersdorf,100409,Mahlsdorf,6,4,89,20,49,607,20,117,89,97,4,2,268,87,23,250
153,2012,Mitte,10112,Regierungsviertel,65,29,474,123,142,3203,10,307,170,37,10,4,380,124,98,870
154,2016,Neuklln,80104,Rixdorf,68,38,483,150,157,2506,56,338,408,132,33,19,495,70,141,1443
155,2018,Pankow,30405,SchnholzWilhelmsruhRosenthal,10,6,77,20,30,450,20,114,50,48,11,3,98,15,14,169
156,2013,MarzahnHellersdorf,100408,Kaulsdorf,9,4,71,13,41,504,16,168,86,82,6,3,122,26,7,178
157,2017,Spandau,50206,Wilhelmstadt,42,21,644,176,179,2950,33,233,279,89,17,8,484,72,79,1196
158,2013,Neuklln,80410,Rudow,32,19,230,69,104,1344,111,441,144,153,10,3,288,23,16,570
159,2014,TreptowKpenick,90520,KpenickNord,3,2,45,11,29,342,25,93,76,25,1,1,99,29,13,145
160,2015,TempelhofSchneberg,70606,Marienfelde,17,9,220,45,94,1126,29,186,117,90,18,5,245,22,42,534
161,2014,CharlottenburgWilmersdorf,40411,Grunewald,13,8,82,21,51,931,63,300,56,244,7,3,124,15,16,434
162,2012,Lichtenberg,110308,FrankfurterAlleeSd,19,6,67,18,16,578,24,96,111,25,6,2,105,12,52,200
163,2019,Pankow,30611,PrenzlauerBergNordwest,36,25,252,65,70,1391,42,94,380,38,15,2,294,90,154,621
164,2012,CharlottenburgWilmersdorf,40202,Heerstrasse,21,9,213,93,36,579,37,155,58,51,7,2,141,36,31,353
165,2015,TreptowKpenick,90520,KpenickNord,3,0,43,8,29,347,13,60,97,41,4,1,108,14,2,172
166,2015,TempelhofSchneberg,70505,Mariendorf,39,22,295,71,100,2121,84,428,173,118,22,11,374,40,69,770
167,2018,CharlottenburgWilmersdorf,40310,Halensee,13,4,136,26,39,1130,33,152,123,33,9,6,108,22,16,453
168,2019,Lichtenberg,110101,MalchowWartenbergundFalkenberg,1,0,24,6,6,110,1,14,10,14,5,0,35,6,6,42
169,2012,Pankow,30716,PrenzlauerBergSd,16,6,166,30,81,1393,116,186,326,127,15,4,409,84,53,672
170,2018,SteglitzZehlendorf,69900,BezirkStZdnichtzuzuordnen,7,5,42,11,31,366,9,90,81,0,3,1,46,8,27,103
171,2012,Spandau,50205,HeerstraeNord,41,20,399,95,157,1108,36,130,67,91,33,15,427,34,29,1013
172,2015,CharlottenburgWilmersdorf,40307,NeueKantstrae,33,21,227,51,67,1824,58,274,335,122,4,3,210,33,111,667
173,2016,Mitte,10332,BrunnenstraeNord,81,42,601,179,184,3139,72,445,346,141,35,8,532,131,236,1299
174,2018,MarzahnHellersdorf,100307,Biesdorf,12,6,149,30,64,1043,40,133,184,98,21,6,190,41,27,325
175,2013,Reinickendorf,123043,West3BorsigwaldeFreieScholle,15,7,121,27,52,645,11,102,70,64,17,5,117,13,33,272
176,2012,Neuklln,80410,Rudow,40,25,206,50,90,1256,58,374,117,181,15,4,405,65,23,543
177,2017,Neuklln,80207,Buckow,6,1,162,34,75,500,39,121,28,77,12,4,169,19,18,399
178,2012,CharlottenburgWilmersdorf,40309,Kurfrstendamm,135,59,1083,361,159,4140,54,302,197,94,7,1,405,95,178,1685
179,2016,CharlottenburgWilmersdorf,40413,WiesbadenerStrae,9,7,78,14,30,727,36,143,225,38,6,2,109,26,10,225
180,2018,CharlottenburgWilmersdorf,40413,WiesbadenerStrae,10,3,94,16,29,579,43,83,179,18,6,2,96,23,15,240
181,2018,Pankow,30307,BlankenburgHeinersdorfMrchenland,7,4,94,21,36,693,20,107,102,59,8,2,131,31,12,185
182,2012,TreptowKpenick,90103,Baumschulenweg,20,10,113,27,60,619,25,141,81,74,10,4,248,82,37,346
183,2019,CharlottenburgWilmersdorf,40309,Kurfrstendamm,85,36,767,212,171,4001,25,286,220,57,11,5,381,101,234,1339
184,2015,TempelhofSchneberg,79900,BezirkThSbnichtzuzuordnen,32,25,72,21,54,865,19,140,133,0,1,1,83,20,30,204
185,2018,TreptowKpenick,90311,Grnau,3,1,29,5,14,268,7,48,87,16,8,3,117,79,5,85
186,2015,Mitte,10221,MoabitWest,115,54,569,150,186,3017,53,589,338,112,25,10,444,74,165,1212
187,2013,MarzahnHellersdorf,100101,MarzahnNord,38,17,402,87,115,795,52,126,88,30,32,11,279,43,33,780
188,2014,Neuklln,89900,BezirkNknichtzuzuordnen,44,36,84,20,65,687,20,164,51,1,2,1,46,0,41,231
189,2018,Pankow,30203,Buchholz,6,3,70,10,28,329,25,50,58,23,7,2,92,12,9,161
190,2019,TempelhofSchneberg,70202,SchnebergSd,43,24,606,142,209,3103,47,294,597,88,22,8,615,177,241,1632
191,2014,CharlottenburgWilmersdorf,40310,Halensee,16,7,124,33,73,1018,37,160,107,84,4,2,153,36,35,391
192,2017,CharlottenburgWilmersdorf,40307,NeueKantstrae,28,12,223,44,81,1885,67,266,260,64,11,6,237,66,69,636
193,2014,Pankow,30509,Weiensee,28,14,289,67,109,1669,67,219,257,65,19,4,382,79,37,839
194,2013,Reinickendorf,122311,Nord1FrohnauHermsdorf,25,9,117,23,49,1180,41,391,273,205,7,1,227,49,19,334
195,2017,Neuklln,89900,BezirkNknichtzuzuordnen,28,22,81,30,47,739,26,143,63,0,4,2,68,4,47,213
196,2012,TreptowKpenick,90518,RahnsdorfHessenwinkel,2,1,26,7,8,290,15,51,105,44,2,0,41,3,2,56
197,2017,TreptowKpenick,90312,SchmckwitzKarolinenhofRauchfangswerder,1,0,14,5,8,69,4,14,11,5,1,0,29,11,1,30
198,2012,Lichtenberg,110103,NeuHohenschnhausenSd,30,12,330,84,81,1027,42,128,99,30,20,3,290,35,21,718
199,2014,TreptowKpenick,90518,RahnsdorfHessenwinkel,2,1,33,7,16,337,6,132,79,30,2,1,63,7,1,72
200,2016,Neuklln,89900,BezirkNknichtzuzuordnen,28,21,84,35,63,818,25,155,46,0,8,4,55,6,42,198
201,2014,Lichtenberg,110102,NeuHohenschnhausenNord,19,14,294,44,107,654,31,117,91,13,12,2,234,15,56,606
202,2018,Mitte,10222,MoabitOst,61,38,689,150,210,3620,30,281,361,73,31,8,435,73,473,1421
203,2015,Mitte,10332,BrunnenstraeNord,85,37,562,145,196,2912,66,409,405,113,23,10,480,86,272,1239
204,2014,TreptowKpenick,90413,KpenickSd,4,2,64,10,28,437,21,142,72,15,20,6,176,17,12,222
205,2019,Spandau,50307,Haselhorst,18,7,150,33,78,693,49,127,52,21,14,10,108,9,39,337
206,2015,Reinickendorf,123043,West3BorsigwaldeFreieScholle,12,4,127,28,58,592,14,119,46,52,2,1,121,11,24,313
207,2019,Reinickendorf,122242,West2HeiligenseeKonradshhe,7,3,77,21,56,365,23,87,61,43,7,4,116,13,18,199
208,2013,TreptowKpenick,90312,SchmckwitzKarolinenhofRauchfangswerder,1,0,21,3,12,171,4,82,3,13,2,2,27,2,0,43
209,2013,Pankow,30406,PankowZentrum,37,11,221,47,104,2164,45,254,570,102,14,6,337,71,29,776
210,2017,Lichtenberg,110204,AltHohenschnhausenNord,12,7,170,29,41,736,32,119,71,53,8,1,141,26,25,326
211,2018,TreptowKpenick,90207,Adlershof,19,9,189,44,54,1193,39,153,234,35,8,4,249,87,46,404
212,2014,Neuklln,80308,Gropiusstadt,55,39,341,92,132,1687,42,184,185,88,27,11,471,44,33,963
213,2017,SteglitzZehlendorf,60408,ZehlendorfNord,26,13,208,34,94,1785,94,363,395,196,26,5,484,193,46,553
214,2017,CharlottenburgWilmersdorf,40101,CharlottenburgNord,23,9,331,82,116,1083,80,372,105,40,9,2,261,17,198,756
215,2015,TreptowKpenick,90310,Bohnsdorf,9,2,39,12,31,431,16,89,38,89,4,1,70,4,20,115
216,2017,Neuklln,80410,Rudow,21,11,264,60,131,1191,110,300,128,197,25,6,276,28,22,600
217,2013,CharlottenburgWilmersdorf,40515,Barstrae,23,14,116,29,57,903,15,199,154,64,1,1,143,21,20,378
218,2012,FriedrichshainKreuzberg,20407,KarlMarxAlleeSd,86,57,471,123,105,2725,46,242,299,59,22,7,537,87,167,1040
219,2016,SteglitzZehlendorf,69900,BezirkStZdnichtzuzuordnen,11,7,34,6,27,509,16,87,128,2,13,8,69,7,12,114
220,2017,TreptowKpenick,99900,BezirkTpKpnichtzuzuordnen,20,11,84,26,33,483,45,121,94,1,4,2,83,14,25,172
221,2016,CharlottenburgWilmersdorf,40306,OttoSuhrAllee,48,29,430,91,131,2747,37,367,409,90,25,10,426,103,58,957
222,2017,SteglitzZehlendorf,60305,TeltowerDamm,12,7,173,30,100,1066,40,165,371,92,15,5,258,56,37,447
223,2016,Neuklln,80103,Reuterstrae,76,43,500,160,164,3379,29,261,486,109,22,12,527,190,154,1346
224,2013,Lichtenberg,110410,FriedrichsfeldeNord,15,4,147,33,50,716,50,144,34,39,20,7,142,28,17,338
225,2016,TreptowKpenick,90208,KllnischeVorstadtSpindlersfeld,4,2,111,16,30,385,30,58,81,15,4,1,109,19,12,247
226,2014,TreptowKpenick,90206,Niederschneweide,13,8,153,20,27,924,22,106,129,20,7,4,193,92,38,296
227,2017,Reinickendorf,123021,MV1MrkischesViertel,41,24,529,110,199,1412,48,302,88,45,36,18,290,47,84,1060
228,2014,Reinickendorf,121031,Ost1Reginhardstr,32,16,372,95,168,1321,34,214,178,142,25,9,297,39,89,1049
229,2017,Lichtenberg,110512,RummelsburgerBucht,2,2,32,6,12,251,10,32,64,14,3,1,58,17,10,97
230,2016,TreptowKpenick,90517,Friedrichshagen,6,3,117,20,38,647,31,67,254,17,6,3,161,39,19,236
231,2017,Pankow,30510,WeienseeOst,12,7,149,22,50,593,19,115,106,18,14,5,157,34,37,335
232,2019,Pankow,30715,PrenzlauerBergSdwest,18,9,379,92,69,1549,38,140,360,70,13,5,372,132,50,754
233,2014,Neuklln,80207,Buckow,18,8,133,20,67,687,49,203,32,81,8,4,177,14,7,359
234,2019,Pankow,30406,PankowZentrum,40,34,240,58,91,1572,47,146,502,58,13,3,311,88,41,659
235,2016,TreptowKpenick,90104,Johannisthal,7,4,108,20,46,757,43,127,163,81,3,2,112,12,14,309
236,2012,Mitte,10221,MoabitWest,130,51,629,185,199,2470,94,410,325,161,42,22,516,64,259,1403
237,2014,Lichtenberg,110513,Karlshorst,7,4,104,23,51,854,44,212,242,36,10,4,128,15,5,271
238,2014,CharlottenburgWilmersdorf,49900,BezirkChWinichtzuzuordnen,41,31,0,0,50,668,66,349,102,0,8,2,0,0,75,135
239,2013,FriedrichshainKreuzberg,20508,FrankfurterAlleeSdFK,124,80,897,297,156,4070,96,333,660,144,61,26,1270,308,468,2148
240,2017,Lichtenberg,110306,Fennpfuhl,34,27,231,46,87,1288,83,359,149,72,20,5,339,79,29,586
241,2013,Mitte,10114,BrunnenstraeSd,41,14,226,51,68,2503,101,244,358,137,8,3,366,134,92,1003
242,2017,Reinickendorf,122242,West2HeiligenseeKonradshhe,1,0,77,18,44,397,20,117,43,61,4,3,98,15,31,172
243,2016,CharlottenburgWilmersdorf,40308,Kantstrae,46,25,312,67,84,3036,24,178,353,88,7,4,234,27,147,710
244,2014,Mitte,10222,MoabitOst,57,33,599,157,173,3834,43,415,426,98,42,19,498,83,399,1282
245,2014,SteglitzZehlendorf,60305,TeltowerDamm,25,12,150,29,79,1377,58,362,311,146,14,4,315,64,42,456
246,2013,TempelhofSchneberg,70303,Friedenau,62,19,259,43,115,2909,79,430,424,89,28,7,402,106,75,751
247,2013,MarzahnHellersdorf,100409,Mahlsdorf,9,3,86,14,55,734,41,215,86,112,2,0,130,25,15,184
248,2018,TreptowKpenick,90103,Baumschulenweg,12,2,140,32,70,836,27,130,118,77,11,9,167,24,22,384
249,2019,MarzahnHellersdorf,100206,HellersdorfSd,17,11,266,45,84,566,29,56,57,7,21,7,272,80,45,473
250,2012,Pankow,30101,Buch,16,6,154,45,48,1035,32,190,199,21,18,6,191,35,31,323
251,2016,TempelhofSchneberg,70404,Tempelhof,68,32,716,156,265,4156,197,761,456,116,48,9,740,178,236,1674
252,2017,TempelhofSchneberg,70303,Friedenau,26,13,269,57,98,2386,74,281,493,88,19,12,407,99,55,715
253,2013,TreptowKpenick,90415,AltstadtKietz,7,2,94,15,24,220,7,28,61,9,3,1,88,16,5,199
254,2018,TempelhofSchneberg,70606,Marienfelde,22,12,212,48,87,1056,24,226,90,52,20,9,211,46,61,525
255,2017,TreptowKpenick,90205,Oberschneweide,13,7,318,66,84,1082,49,251,157,25,13,7,303,55,66,671
256,2015,TreptowKpenick,90416,Mggelheim,0,0,30,4,17,101,1,28,7,13,2,2,32,1,2,64
257,2016,MarzahnHellersdorf,100205,HellersdorfOst,26,18,290,58,96,643,39,116,103,18,33,9,296,68,49,607
258,2015,Mitte,10331,OsloerStrae,98,59,788,243,247,3617,35,330,316,167,35,13,478,72,231,1584
259,2019,Pankow,30203,Buchholz,3,0,76,10,42,366,7,73,65,29,4,2,87,11,9,165
260,2012,CharlottenburgWilmersdorf,40412,Schmargendorf,5,1,82,18,41,731,31,224,77,86,3,1,104,12,10,255
261,2018,TreptowKpenick,90205,Oberschneweide,16,8,355,78,105,892,61,210,115,26,18,7,268,51,81,689
262,2014,CharlottenburgWilmersdorf,40101,CharlottenburgNord,47,25,302,59,120,1216,54,396,64,76,9,4,246,50,160,759
263,2013,CharlottenburgWilmersdorf,40307,NeueKantstrae,46,17,247,55,108,1384,59,292,278,108,8,4,290,73,135,723
264,2015,FriedrichshainKreuzberg,20405,KarlMarxAlleeNord,34,18,149,45,47,1449,49,197,233,76,10,3,215,55,36,674
265,2015,Lichtenberg,110306,Fennpfuhl,24,14,179,35,65,1414,103,326,223,90,12,5,323,78,36,578
266,2012,FriedrichshainKreuzberg,20405,KarlMarxAlleeNord,58,34,235,61,55,1242,71,206,185,56,15,5,356,46,23,625
267,2014,TempelhofSchneberg,70303,Friedenau,43,30,252,42,93,2785,67,386,472,179,24,16,407,127,52,777
268,2013,Lichtenberg,110411,FriedrichsfeldeSd,25,8,161,32,61,743,49,141,88,49,11,3,202,76,14,403
269,2017,CharlottenburgWilmersdorf,40203,Westend,27,19,325,78,123,2465,105,354,174,70,15,8,272,38,36,732
270,2014,FriedrichshainKreuzberg,20101,SdlicheFriedrichstadt,119,80,675,194,224,3951,53,825,463,162,45,14,600,90,218,1563
271,2014,TreptowKpenick,90311,Grnau,5,1,43,16,13,272,8,83,63,8,3,2,98,38,4,95
272,2012,Neuklln,80101,Schillerpromenade,169,84,676,213,252,2400,27,221,177,150,31,18,529,85,913,1965
273,2018,Spandau,50101,Hakenfelde,16,11,202,56,55,864,36,237,58,16,17,10,193,5,26,480
274,2019,Lichtenberg,110102,NeuHohenschnhausenNord,11,6,346,63,107,547,52,78,53,17,29,11,254,24,68,637
275,2012,Neuklln,80105,KllnischeHeide,26,14,251,71,121,1190,49,303,44,60,15,4,315,61,39,631
276,2013,TreptowKpenick,90518,RahnsdorfHessenwinkel,2,2,25,4,23,348,11,141,69,37,2,1,55,5,2,75
277,2014,Spandau,50101,Hakenfelde,17,10,156,42,65,705,33,148,63,36,18,7,173,9,32,376
278,2018,Reinickendorf,122145,West5TegelTegelerForst,19,8,196,50,72,968,5,61,70,28,4,1,181,43,35,374
279,2012,Pankow,30510,WeienseeOst,20,8,103,23,50,610,20,105,74,23,4,1,205,32,18,334
280,2014,Reinickendorf,123043,West3BorsigwaldeFreieScholle,15,6,105,25,49,548,19,121,38,66,7,0,131,26,30,312
281,2015,Spandau,50205,HeerstraeNord,22,14,334,81,128,1066,30,187,56,75,21,12,295,86,23,805
282,2017,Reinickendorf,122311,Nord1FrohnauHermsdorf,10,9,136,24,58,918,42,226,202,178,12,3,196,59,34,301
283,2013,CharlottenburgWilmersdorf,40413,WiesbadenerStrae,12,4,83,12,43,656,24,221,127,55,2,2,140,25,2,293
284,2012,Reinickendorf,123021,MV1MrkischesViertel,51,21,490,126,199,2013,65,305,173,99,74,18,505,72,76,1306
285,2018,Mitte,10332,BrunnenstraeNord,68,41,642,170,224,2536,65,343,273,87,28,6,551,187,387,1303
286,2017,TreptowKpenick,90309,Altglienicke,8,4,183,35,69,712,107,193,91,69,11,6,152,33,19,359
287,2014,Neuklln,80103,Reuterstrae,71,32,569,147,172,2898,45,248,319,192,18,7,495,129,129,1248
288,2014,Neuklln,80101,Schillerpromenade,71,37,519,139,158,1923,25,310,180,123,18,8,547,190,519,1176
289,2012,SteglitzZehlendorf,60407,ZehlendorfSdwest,27,7,141,21,83,1006,59,269,95,113,21,6,248,26,17,380
290,2013,Mitte,10112,Regierungsviertel,53,25,480,120,128,3862,23,337,254,33,5,1,355,130,67,862
291,2019,TreptowKpenick,90206,Niederschneweide,16,10,222,61,60,1042,30,83,172,20,9,4,251,106,48,418
292,2012,Pankow,30203,Buchholz,9,3,71,13,38,456,21,69,56,38,10,1,114,7,16,182
293,2013,Neuklln,80207,Buckow,24,11,138,38,69,687,23,214,39,93,11,3,227,29,23,455
294,2019,FriedrichshainKreuzberg,20202,TempelhoferVorstadt,119,82,872,283,271,5797,113,525,1182,113,55,23,1320,530,527,2119
295,2017,CharlottenburgWilmersdorf,40516,VolksparkWilmersdorf,31,13,245,55,71,1996,62,289,469,56,17,4,308,88,77,626
296,2019,TreptowKpenick,99900,BezirkTpKpnichtzuzuordnen,1,1,12,1,9,35,0,4,6,0,4,4,13,2,2,25
297,2016,MarzahnHellersdorf,100206,HellersdorfSd,22,14,233,37,79,789,58,113,79,36,8,5,288,88,34,562
298,2019,Mitte,10113,Alexanderplatz,173,102,1966,500,420,11233,63,587,940,137,43,12,1307,381,1133,3813
299,2012,TempelhofSchneberg,70101,SchnebergNord,197,98,772,215,239,4048,53,425,481,292,31,11,729,157,214,1921
300,2014,CharlottenburgWilmersdorf,40515,Barstrae,18,14,108,22,56,854,19,209,170,59,3,3,108,22,39,301
301,2012,Reinickendorf,123022,MV2Rollbergsiedlung,9,2,103,21,32,429,8,75,30,29,7,1,101,10,18,229
302,2017,Spandau,50205,HeerstraeNord,26,10,412,108,135,1046,38,152,66,106,15,7,303,91,35,818
303,2015,SteglitzZehlendorf,60101,Schlostr,25,13,200,40,63,2496,26,212,350,64,6,2,217,55,33,461
304,2018,CharlottenburgWilmersdorf,40307,NeueKantstrae,33,19,252,58,78,1534,47,195,269,66,15,6,222,47,57,724
305,2012,Pankow,30612,PrenzlauerBergNord,30,10,159,33,60,1870,86,146,407,67,5,0,282,75,33,582
306,2015,MarzahnHellersdorf,100409,Mahlsdorf,4,2,77,13,32,639,44,111,129,125,8,4,122,20,9,182
307,2019,SteglitzZehlendorf,60102,Albrechtstr,35,23,274,49,128,1486,79,308,271,142,31,12,426,90,59,843
308,2016,TreptowKpenick,90414,AllendeViertel,1,1,29,9,14,215,18,17,24,9,3,2,46,3,4,68
309,2013,FriedrichshainKreuzberg,20304,sdlicheLuisenstadt,210,169,562,199,90,2474,66,169,371,119,32,13,468,137,767,1239
310,2014,MarzahnHellersdorf,100409,Mahlsdorf,6,3,100,20,51,1204,30,154,119,79,3,1,147,29,5,225
311,2012,MarzahnHellersdorf,100205,HellersdorfOst,26,11,289,70,101,598,21,89,122,10,30,5,336,86,21,630
312,2019,TreptowKpenick,90415,AltstadtKietz,4,3,102,22,40,180,4,28,49,2,3,0,124,21,27,209
313,2016,Reinickendorf,122141,West1TegelSdFlughafensee,9,2,257,65,92,1006,29,224,63,38,7,3,163,14,232,521
314,2018,SteglitzZehlendorf,60203,Lankwitz,19,4,386,81,175,1167,41,254,130,76,22,12,290,33,84,789
315,2019,Spandau,50206,Wilhelmstadt,39,20,601,150,202,2459,30,207,162,55,20,8,364,40,101,1148
316,2017,Lichtenberg,110307,AltLichtenberg,24,11,513,119,136,2342,85,384,222,66,26,13,428,126,67,932
317,2019,Reinickendorf,122145,West5TegelTegelerForst,29,15,164,53,70,860,7,38,69,36,8,4,127,26,34,350
318,2014,TreptowKpenick,90205,Oberschneweide,12,5,287,65,94,987,46,245,138,23,12,7,221,39,50,587
319,2015,Reinickendorf,121031,Ost1Reginhardstr,39,17,428,99,148,1150,39,201,124,74,17,7,276,28,89,923
320,2015,Pankow,30715,PrenzlauerBergSdwest,17,9,285,80,51,2519,59,217,388,116,10,4,396,136,46,1200
321,2019,Reinickendorf,123012,Nord2WaidmannslustWittenauLbars,34,19,372,85,123,1160,30,135,150,93,16,3,306,74,110,728
322,2013,Reinickendorf,129900,BezirkRdnichtzuzuordnen,3,0,23,7,7,136,1,7,0,1,6,6,92,46,7,34
323,2019,Spandau,50205,HeerstraeNord,21,9,362,77,122,860,35,151,88,51,25,12,338,70,42,740
324,2013,Neuklln,89900,BezirkNknichtzuzuordnen,5,4,57,17,11,230,2,16,0,0,0,0,52,39,10,77
325,2012,Pankow,30611,PrenzlauerBergNordwest,80,32,228,68,83,1716,95,176,406,78,19,8,339,113,85,766
326,2012,CharlottenburgWilmersdorf,40203,Westend,40,12,207,48,117,1974,57,282,170,112,7,2,317,36,38,662
327,2018,Lichtenberg,110205,AltHohenschnhausenSd,11,6,249,47,72,935,103,218,117,51,15,8,232,47,32,515
328,2015,FriedrichshainKreuzberg,20407,KarlMarxAlleeSd,126,82,518,145,104,3492,28,237,301,44,14,7,463,141,438,1104
329,2012,TempelhofSchneberg,70202,SchnebergSd,80,35,510,119,162,2699,62,312,557,219,26,11,545,145,239,1297
330,2014,TreptowKpenick,90207,Adlershof,13,7,112,23,59,1054,44,183,165,28,11,5,201,79,19,324
331,2013,Lichtenberg,110512,RummelsburgerBucht,6,4,19,7,8,173,9,45,25,9,22,10,63,13,8,62
332,2019,Mitte,19900,BezirkMinichtzuzuordnen,5,4,19,7,5,94,0,6,10,0,0,0,15,7,17,34
333,2019,Spandau,50101,Hakenfelde,12,4,165,35,63,813,41,173,64,31,26,16,229,13,26,476
334,2014,CharlottenburgWilmersdorf,40412,Schmargendorf,12,7,85,14,36,607,23,131,67,99,4,1,67,2,8,256
335,2019,CharlottenburgWilmersdorf,40514,DsseldorferStrae,38,17,260,65,93,1686,67,314,290,83,24,11,357,119,80,807
336,2013,Pankow,30715,PrenzlauerBergSdwest,29,12,325,86,56,2201,87,218,349,118,16,9,403,130,45,907
337,2019,Mitte,10111,TiergartenSd,60,35,365,92,128,2271,15,198,296,55,13,6,347,77,231,980
338,2019,TreptowKpenick,90104,Johannisthal,12,6,121,21,67,591,47,161,90,39,14,6,143,11,32,340
339,2018,Neuklln,80410,Rudow,33,22,220,49,98,1100,77,299,89,127,26,8,310,51,32,576
340,2019,Neuklln,80103,Reuterstrae,77,47,604,203,187,3413,24,296,628,114,42,23,593,147,462,1717
341,2012,Spandau,50409,GatowKladow,5,1,76,15,25,435,24,129,34,65,13,5,131,20,0,158
342,2018,CharlottenburgWilmersdorf,40101,CharlottenburgNord,23,6,279,84,107,1030,70,240,123,51,16,9,232,22,185,721
343,2014,Lichtenberg,110205,AltHohenschnhausenSd,21,10,261,42,91,1246,60,317,123,70,14,2,280,57,45,665
344,2018,CharlottenburgWilmersdorf,40304,SchloCharlottenburg,18,10,282,62,87,1062,29,105,190,52,14,6,261,80,37,638
345,2016,Pankow,30304,Karow,5,2,71,12,23,379,9,74,88,72,14,5,82,15,12,140
346,2016,Lichtenberg,110306,Fennpfuhl,26,17,269,51,103,1591,140,450,245,95,28,5,359,69,22,691
347,2019,Mitte,10112,Regierungsviertel,42,20,554,136,152,3692,13,172,352,22,19,4,497,162,170,1057
348,2018,Mitte,10111,TiergartenSd,70,58,416,125,103,2540,17,274,310,39,14,3,284,42,273,1247
349,2019,TempelhofSchneberg,70101,SchnebergNord,125,81,737,206,228,4691,39,383,642,113,32,18,672,233,413,2016
350,2013,Lichtenberg,110101,MalchowWartenbergundFalkenberg,2,0,23,3,12,246,4,41,8,35,5,4,29,3,5,52
351,2014,CharlottenburgWilmersdorf,40202,Heerstrasse,16,10,163,52,41,692,54,191,56,96,1,1,184,76,26,307
352,2019,CharlottenburgWilmersdorf,40617,ForstGrunewald,6,6,17,6,13,36,1,11,3,1,13,13,15,5,4,44
353,2015,Spandau,50307,Haselhorst,21,7,157,29,67,1007,57,143,73,38,10,5,115,13,20,483
354,2017,FriedrichshainKreuzberg,20506,FrankfurterAlleeNord,26,12,320,101,76,1894,29,184,377,56,28,11,516,137,126,860
355,2014,Neuklln,80410,Rudow,32,18,207,54,92,1186,114,317,153,174,22,10,300,30,8,542
356,2017,Pankow,30307,BlankenburgHeinersdorfMrchenland,7,2,118,32,33,655,20,72,110,53,14,8,98,27,11,200
357,2016,TempelhofSchneberg,70606,Marienfelde,20,11,257,44,75,1073,55,179,159,49,22,6,217,16,54,504
358,2012,TreptowKpenick,90312,SchmckwitzKarolinenhofRauchfangswerder,0,0,13,3,3,146,2,53,4,14,3,3,31,9,0,24
359,2015,MarzahnHellersdorf,100204,HellersdorfNord,33,16,607,106,200,1589,73,262,122,47,28,4,538,108,81,1254
360,2015,Spandau,50103,SpandauMitte,101,55,624,158,252,2665,64,303,194,87,25,11,526,97,175,1593
361,2014,CharlottenburgWilmersdorf,40308,Kantstrae,54,21,232,51,117,2830,24,216,321,103,10,4,225,22,138,664
362,2014,CharlottenburgWilmersdorf,40307,NeueKantstrae,36,12,235,59,77,1598,57,323,277,110,11,7,219,55,116,660
363,2016,Neuklln,80308,Gropiusstadt,47,32,338,96,148,1902,54,236,152,84,18,5,532,48,53,1061
364,2013,Spandau,50103,SpandauMitte,96,46,758,181,243,2471,41,291,267,72,31,8,602,112,223,1630
365,2013,CharlottenburgWilmersdorf,40306,OttoSuhrAllee,60,24,385,98,127,2260,27,308,355,157,14,5,410,94,141,965
366,2017,CharlottenburgWilmersdorf,40411,Grunewald,10,6,109,17,52,788,53,250,79,98,5,1,198,94,18,327
367,2019,Neuklln,89900,BezirkNknichtzuzuordnen,2,1,5,2,10,79,0,13,4,0,0,0,6,3,7,21
368,2019,TreptowKpenick,90310,Bohnsdorf,5,3,107,20,42,442,25,66,61,28,5,3,118,11,14,255
369,2013,FriedrichshainKreuzberg,20202,TempelhoferVorstadt,143,81,869,242,282,5097,142,618,935,338,35,14,805,187,352,2051
370,2015,FriedrichshainKreuzberg,20508,FrankfurterAlleeSdFK,196,100,999,360,160,5581,65,383,692,121,35,13,1023,378,1468,2287
371,2015,CharlottenburgWilmersdorf,40308,Kantstrae,67,27,276,69,98,3361,20,201,325,94,5,3,226,15,119,772
372,2013,CharlottenburgWilmersdorf,40310,Halensee,23,8,135,25,71,1011,64,180,172,85,7,3,167,38,30,433
373,2016,Spandau,50205,HeerstraeNord,26,13,417,93,137,1103,20,155,64,115,32,14,351,96,40,908
374,2016,Lichtenberg,110409,NeuLichtenberg,27,13,274,53,92,1693,49,179,403,65,14,7,400,124,47,740
375,2012,Lichtenberg,110205,AltHohenschnhausenSd,26,10,234,48,74,1243,59,266,146,70,12,6,334,72,13,647
376,2013,Lichtenberg,110307,AltLichtenberg,37,22,372,99,109,1943,65,327,178,52,22,11,388,103,56,874
377,2012,CharlottenburgWilmersdorf,40411,Grunewald,10,5,98,11,58,867,32,268,84,194,4,0,128,14,5,391
378,2017,Mitte,10332,BrunnenstraeNord,58,29,659,178,234,3069,76,417,346,94,34,13,542,204,197,1337
379,2017,MarzahnHellersdorf,100103,MarzahnSd,20,9,392,73,116,1765,169,435,101,64,18,6,337,49,48,882
380,2013,Pankow,30304,Karow,4,2,106,19,40,449,8,102,101,36,6,3,88,11,6,206
381,2013,TempelhofSchneberg,70707,Lichtenrade,31,14,339,64,135,1231,51,390,98,179,29,10,338,46,64,754
382,2012,CharlottenburgWilmersdorf,49900,BezirkChWinichtzuzuordnen,1,0,205,62,40,716,7,25,5,1,2,0,282,218,12,286
383,2018,CharlottenburgWilmersdorf,40305,Mierendorffplatz,7,3,158,35,75,847,19,129,126,27,11,10,121,21,50,398
384,2012,Reinickendorf,123012,Nord2WaidmannslustWittenauLbars,38,12,332,79,115,1464,30,256,195,110,16,4,356,81,103,672
385,2018,Neuklln,80308,Gropiusstadt,55,32,399,95,149,1881,52,244,101,67,14,3,337,26,48,1258
386,2018,Mitte,19900,BezirkMinichtzuzuordnen,51,42,250,74,88,2226,26,258,159,0,4,3,166,25,175,592
387,2015,FriedrichshainKreuzberg,20506,FrankfurterAlleeNord,28,15,320,95,78,2113,53,134,396,60,39,18,554,135,71,1069
388,2015,CharlottenburgWilmersdorf,40306,OttoSuhrAllee,43,25,397,95,123,2552,28,261,404,95,15,6,383,42,75,1081
389,2014,TreptowKpenick,90415,AltstadtKietz,2,1,84,9,22,255,11,59,53,7,11,6,90,8,3,181
390,2019,Pankow,30304,Karow,4,4,81,9,41,369,6,53,93,47,6,4,101,30,21,176
391,2017,SteglitzZehlendorf,60101,Schlostr,25,16,181,29,71,2405,35,152,348,36,15,2,209,44,45,434
392,2019,CharlottenburgWilmersdorf,40411,Grunewald,15,8,133,19,70,783,31,242,86,117,9,2,264,114,21,419
393,2019,CharlottenburgWilmersdorf,40412,Schmargendorf,9,7,84,13,38,676,29,144,93,70,8,3,117,22,16,252
394,2014,Reinickendorf,129900,BezirkRdnichtzuzuordnen,20,15,75,15,52,1032,19,140,67,1,5,1,21,0,46,201
395,2018,Pankow,30202,BlankenfeldeNiederschnhausen,10,6,124,15,46,800,28,134,200,40,8,4,153,20,16,309
396,2016,Mitte,10221,MoabitWest,103,57,717,222,189,3146,51,511,468,138,45,18,576,71,642,1617
397,2012,MarzahnHellersdorf,100103,MarzahnSd,55,20,295,61,91,1534,135,372,119,41,37,19,411,81,19,648
398,2018,TempelhofSchneberg,70404,Tempelhof,57,24,652,151,261,3729,105,652,504,134,51,11,812,239,358,1724
399,2014,Mitte,10332,BrunnenstraeNord,107,47,648,167,217,3183,69,407,384,178,48,19,532,92,302,1574
400,2014,Lichtenberg,110308,FrankfurterAlleeSd,15,9,114,24,20,763,35,134,135,17,17,7,124,36,43,239
401,2015,CharlottenburgWilmersdorf,40515,Barstrae,19,11,113,19,45,980,30,199,227,66,2,0,102,17,24,389
402,2013,TempelhofSchneberg,70202,SchnebergSd,93,49,548,149,177,2900,56,376,627,162,23,9,518,113,218,1406
403,2015,Mitte,10441,Parkviertel,83,45,677,177,214,3582,55,537,343,126,31,16,491,88,198,1493
404,2013,TreptowKpenick,90104,Johannisthal,11,4,99,16,61,619,57,168,75,45,9,4,164,34,15,256
405,2019,SteglitzZehlendorf,60305,TeltowerDamm,36,28,173,29,94,1170,23,204,376,50,12,2,242,32,51,449
406,2019,FriedrichshainKreuzberg,20101,SdlicheFriedrichstadt,125,70,716,200,255,3973,43,447,483,105,41,17,656,103,622,1858
407,2017,CharlottenburgWilmersdorf,40309,Kurfrstendamm,73,32,718,203,156,4225,53,316,185,55,11,5,384,109,131,1252
408,2018,Spandau,50205,HeerstraeNord,33,17,350,74,148,949,34,157,57,50,23,13,239,36,44,750
409,2013,Pankow,30203,Buchholz,3,2,75,19,36,483,47,74,45,23,2,0,130,23,8,179
410,2018,Lichtenberg,110513,Karlshorst,6,4,98,25,53,738,44,77,214,66,16,5,146,27,18,273
411,2014,Reinickendorf,123012,Nord2WaidmannslustWittenauLbars,49,32,358,87,111,1479,23,251,171,123,23,4,294,65,67,778
412,2019,Mitte,10331,OsloerStrae,61,30,727,168,214,2474,46,289,284,77,31,7,468,116,279,1457
413,2018,Spandau,50102,FalkenhagenerFeld,35,24,427,92,154,1012,56,194,174,41,29,13,296,10,53,904
414,2015,SteglitzZehlendorf,60203,Lankwitz,19,11,264,53,110,960,43,207,109,104,7,0,297,51,78,611
415,2017,Spandau,50308,Siemensstadt,10,9,143,32,42,763,33,149,110,36,10,5,155,44,22,343
416,2017,MarzahnHellersdorf,109900,BezirkMzHdnichtzuzuordnen,10,9,66,17,30,296,17,64,49,0,0,0,67,21,12,134
417,2014,TreptowKpenick,99900,BezirkTpKpnichtzuzuordnen,25,21,10,7,33,348,25,186,84,1,9,7,0,0,20,143
418,2012,TreptowKpenick,90207,Adlershof,29,10,133,29,48,961,24,123,164,34,8,6,222,53,20,345
419,2016,Pankow,30203,Buchholz,1,0,43,5,41,460,28,96,38,53,3,1,100,32,9,141
420,2018,TempelhofSchneberg,79900,BezirkThSbnichtzuzuordnen,21,17,84,20,47,692,18,126,103,0,2,1,58,7,35,194
421,2018,Lichtenberg,110308,FrankfurterAlleeSd,11,6,172,42,35,806,22,89,101,14,6,4,163,47,85,334
422,2016,MarzahnHellersdorf,100409,Mahlsdorf,7,5,78,9,42,634,33,104,127,120,2,1,97,16,10,172
423,2017,TreptowKpenick,90310,Bohnsdorf,7,2,112,27,32,459,43,65,39,41,2,1,99,21,16,204
424,2012,TreptowKpenick,99900,BezirkTpKpnichtzuzuordnen,3,1,104,36,23,320,2,26,14,0,3,3,376,293,7,161
425,2017,MarzahnHellersdorf,100205,HellersdorfOst,24,11,291,51,69,558,22,74,113,12,14,2,218,65,23,526
426,2012,Mitte,10332,BrunnenstraeNord,145,71,675,192,191,2928,76,473,218,252,36,7,495,72,162,1532
427,2019,SteglitzZehlendorf,60101,Schlostr,39,23,240,51,79,2281,41,155,388,65,41,5,248,45,70,587
428,2014,Mitte,10113,Alexanderplatz,203,106,1309,364,350,10510,89,710,1074,241,46,18,1207,351,506,2984
429,2013,Mitte,10442,WeddingZentrum,160,76,1156,341,382,3307,48,603,319,201,70,25,822,127,526,2388
430,2017,FriedrichshainKreuzberg,20101,SdlicheFriedrichstadt,115,61,692,233,223,3953,49,611,454,82,42,18,640,121,1003,1524
431,2016,MarzahnHellersdorf,100408,Kaulsdorf,7,2,99,14,38,520,24,80,98,93,6,2,102,8,3,194
432,2018,CharlottenburgWilmersdorf,40202,Heerstrasse,16,9,178,64,39,656,34,126,75,89,3,1,139,51,49,334
433,2014,FriedrichshainKreuzberg,20304,sdlicheLuisenstadt,171,132,583,271,117,2814,31,213,373,82,57,18,508,165,996,1231
434,2018,CharlottenburgWilmersdorf,40412,Schmargendorf,4,1,60,10,28,567,36,149,54,50,5,2,91,17,18,192
435,2013,FriedrichshainKreuzberg,20407,KarlMarxAlleeSd,87,62,492,144,107,2844,53,304,267,68,15,3,530,117,219,1172
436,2019,Pankow,30307,BlankenburgHeinersdorfMrchenland,6,4,107,22,48,702,23,115,151,45,9,4,181,40,24,230
437,2017,Reinickendorf,123043,West3BorsigwaldeFreieScholle,6,3,110,24,38,520,11,101,74,41,8,3,132,20,24,266
438,2014,SteglitzZehlendorf,60204,Ostpreuendamm,15,7,199,38,85,1238,63,289,222,130,12,5,309,33,46,560
439,2017,TempelhofSchneberg,70404,Tempelhof,57,24,668,125,269,3766,107,876,435,106,60,15,696,186,241,1442
440,2014,TempelhofSchneberg,70707,Lichtenrade,28,14,304,59,138,1146,74,330,121,126,23,5,389,55,69,726
441,2018,Mitte,10441,Parkviertel,55,26,754,183,243,2690,62,442,363,88,30,9,562,113,125,1511
442,2013,Pankow,30612,PrenzlauerBergNord,21,6,202,43,65,1914,88,216,452,52,14,3,254,61,52,595
443,2017,TreptowKpenick,90208,KllnischeVorstadtSpindlersfeld,5,4,120,25,31,313,13,92,52,9,2,0,113,23,22,239
444,2014,SteglitzZehlendorf,60407,ZehlendorfSdwest,18,14,137,25,67,1264,69,310,143,159,14,3,315,103,23,394
445,2016,Pankow,30202,BlankenfeldeNiederschnhausen,7,0,151,27,61,784,25,139,132,91,15,9,174,35,27,373
446,2017,CharlottenburgWilmersdorf,40310,Halensee,13,7,92,22,46,1017,38,185,124,42,4,3,126,32,11,341
447,2019,TreptowKpenick,90208,KllnischeVorstadtSpindlersfeld,1,1,130,31,36,360,17,52,80,13,12,4,151,33,24,259
448,2015,Pankow,30101,Buch,9,5,175,47,76,876,39,184,146,24,22,4,251,36,30,423
449,2016,CharlottenburgWilmersdorf,40412,Schmargendorf,7,2,84,15,34,657,32,193,63,62,7,1,78,6,8,209
450,2015,CharlottenburgWilmersdorf,40412,Schmargendorf,9,6,66,10,25,716,49,193,102,76,2,2,88,7,7,201
451,2014,CharlottenburgWilmersdorf,40304,SchloCharlottenburg,30,8,242,53,101,1205,23,165,231,88,6,3,233,67,38,643
452,2019,Lichtenberg,110308,FrankfurterAlleeSd,20,7,159,51,37,693,34,65,92,5,10,6,173,45,88,292
453,2013,FriedrichshainKreuzberg,20303,nrdlicheLuisenstadt,140,108,556,192,115,2805,38,165,351,103,27,4,510,120,208,1202
454,2015,MarzahnHellersdorf,100206,HellersdorfSd,23,15,246,36,79,625,41,124,70,32,32,3,206,51,33,506
455,2013,Neuklln,80104,Rixdorf,125,72,603,168,201,2211,50,367,269,148,31,15,509,86,110,1531
456,2014,CharlottenburgWilmersdorf,40203,Westend,36,24,222,44,121,2767,64,406,193,112,12,8,280,55,20,776
457,2016,Mitte,19900,BezirkMinichtzuzuordnen,91,77,310,95,83,3736,31,340,216,0,8,5,167,32,113,609
458,2015,CharlottenburgWilmersdorf,40304,SchloCharlottenburg,27,13,234,59,106,1241,26,143,260,66,11,4,209,17,33,612
459,2019,CharlottenburgWilmersdorf,40305,Mierendorffplatz,26,11,165,37,72,767,27,143,100,23,14,8,199,33,48,458
460,2016,TreptowKpenick,90205,Oberschneweide,11,8,268,71,76,1107,66,146,233,41,20,12,288,64,45,617
461,2015,MarzahnHellersdorf,100408,Kaulsdorf,3,1,96,19,22,534,28,95,98,102,3,3,105,18,16,168
462,2015,Lichtenberg,110102,NeuHohenschnhausenNord,13,8,310,54,67,710,81,133,88,17,20,7,208,28,42,609
463,2012,Reinickendorf,121031,Ost1Reginhardstr,60,21,400,101,169,1119,38,205,179,110,11,4,337,34,137,939
464,2014,Pankow,30612,PrenzlauerBergNord,31,13,168,37,56,1984,80,213,546,38,7,4,284,123,35,627
465,2013,SteglitzZehlendorf,60102,Albrechtstr,54,22,263,52,145,1617,112,418,232,162,17,6,332,62,59,879
466,2016,Reinickendorf,122145,West5TegelTegelerForst,25,14,207,45,61,1090,9,56,109,31,3,1,183,31,29,471
467,2016,Pankow,30405,SchnholzWilhelmsruhRosenthal,8,3,72,14,25,519,16,110,75,64,7,5,94,20,8,186
468,2013,Mitte,10331,OsloerStrae,125,64,814,210,253,3540,26,378,279,166,28,8,441,55,366,1674
469,2016,TempelhofSchneberg,70707,Lichtenrade,22,11,345,61,100,1433,114,340,175,246,24,9,317,35,103,700
470,2012,Spandau,50307,Haselhorst,36,16,165,35,70,1143,36,208,90,52,10,1,261,21,39,575
471,2015,Neuklln,80207,Buckow,11,5,173,36,85,746,55,215,62,108,15,10,172,25,15,441
472,2017,TreptowKpenick,90518,RahnsdorfHessenwinkel,4,3,58,12,16,275,12,77,79,25,0,0,60,11,2,95
473,2016,Lichtenberg,110410,FriedrichsfeldeNord,7,5,137,21,42,571,41,132,82,21,6,1,149,28,24,280
474,2013,CharlottenburgWilmersdorf,40101,CharlottenburgNord,53,16,298,64,154,1119,71,418,65,79,15,7,230,20,156,710
475,2018,MarzahnHellersdorf,109900,BezirkMzHdnichtzuzuordnen,9,9,67,14,27,216,15,36,47,1,6,1,78,14,13,140
476,2016,Lichtenberg,110512,RummelsburgerBucht,1,1,27,7,8,294,9,34,83,20,8,6,22,8,6,88
477,2012,Pankow,30715,PrenzlauerBergSdwest,18,12,344,92,71,2016,52,223,381,149,10,2,536,192,34,996
478,2017,Neuklln,80104,Rixdorf,64,32,520,154,155,2323,41,288,375,121,21,6,508,109,284,1452
479,2012,SteglitzZehlendorf,60305,TeltowerDamm,23,7,151,38,86,1254,36,243,301,103,10,2,339,70,50,445
480,2012,Neuklln,80104,Rixdorf,113,55,605,198,221,2088,38,316,261,201,32,16,550,80,103,1542
481,2013,CharlottenburgWilmersdorf,40304,SchloCharlottenburg,46,21,205,46,92,1205,29,176,256,92,12,7,186,28,63,633
482,2017,TreptowKpenick,90520,KpenickNord,4,3,50,13,16,253,18,58,67,30,2,0,75,23,7,114
483,2016,FriedrichshainKreuzberg,20304,sdlicheLuisenstadt,137,90,435,158,90,2537,30,248,360,61,29,9,532,190,1078,935
484,2016,FriedrichshainKreuzberg,20202,TempelhoferVorstadt,114,60,792,231,237,6237,130,708,1155,204,55,31,901,187,284,1947
485,2012,Mitte,10441,Parkviertel,109,48,783,211,318,2879,77,564,365,157,55,20,568,65,244,1794
486,2014,Pankow,30716,PrenzlauerBergSd,13,7,145,28,49,1697,100,229,380,137,13,6,321,73,29,738
487,2017,Mitte,10331,OsloerStrae,55,36,736,174,252,2740,41,371,244,86,36,15,441,71,227,1391
488,2016,Lichtenberg,110102,NeuHohenschnhausenNord,26,16,271,43,72,678,64,141,89,27,17,5,201,31,55,574
489,2013,TreptowKpenick,90206,Niederschneweide,14,5,145,40,44,903,25,93,133,10,11,6,169,51,32,279
490,2019,CharlottenburgWilmersdorf,40101,CharlottenburgNord,35,10,316,84,110,1086,91,336,59,75,28,18,200,28,216,690
491,2019,Neuklln,80104,Rixdorf,55,40,492,153,148,2341,18,293,465,92,23,16,548,90,346,1506
492,2019,Lichtenberg,119900,BezirkLbnichtzuzuordnen,3,3,7,1,4,28,0,1,6,0,0,0,5,0,1,17
493,2015,Mitte,10114,BrunnenstraeSd,29,13,204,40,61,2419,61,231,418,108,9,6,346,116,72,862
494,2014,MarzahnHellersdorf,100204,HellersdorfNord,32,20,634,109,189,1595,65,211,166,36,31,13,565,110,94,1300
495,2015,Reinickendorf,123021,MV1MrkischesViertel,65,33,508,134,202,2052,72,365,122,42,35,9,308,19,96,1448
496,2016,Pankow,30716,PrenzlauerBergSd,19,8,157,33,44,1730,85,271,442,97,13,4,372,117,39,739
497,2015,FriedrichshainKreuzberg,29900,BezirkFhKbnichtzuzuordnen,95,77,149,55,42,1904,33,198,158,2,5,2,129,30,294,377
498,2013,TreptowKpenick,90101,AltTreptow,45,29,127,30,33,1069,21,109,228,42,2,1,166,51,65,343
